class,family_name,first_name,profession,ward_number,staff_uuid,phone_number
Patient,Stanley,Julia,Teacher,,,
Patient,Freeman,Eugene,Financial Analyst,,,
Patient,Washington,Randy,Paralegal,5,,
Nurse,Burns,Gloria,,10,yOaW5BzeIPH,
Nurse,Fernandez,Ann,,9,nTtbe8,
Patient,George,Nicole,Computer Systems Analyst III,2,,
Patient,Jacobs,Joe,Statistician IV,,,
Patient,Carpenter,Mark,Clinical Specialist,5,,
Patient,Parker,Stephanie,Food Chemist,4,,
Doctor,Scott,Eric,,,fSdUAnNJB,04 8384 4917
Patient,Ford,Bobby,Software Test Engineer III,7,,
Nurse,Burns,Terry,,4,2Kmhoe3,
Nurse,Stewart,Phillip,,3,OQxQYe3Pg,
Patient,Morrison,Wayne,Staff Scientist,4,,
Patient,Davis,Tina,Account Coordinator,5,,
Patient,Johnston,Jane,Information Systems Manager,10,,
Patient,Jackson,Amanda,Account Representative II,5,,
Patient,Mason,Shirley,Administrative Officer,3,,
Patient,Crawford,Nicholas,Quality Engineer,8,,
Nurse,Olson,Brenda,,3,OCkYehRjNj,
Patient,Roberts,Catherine,Product Engineer,10,,
Patient,Stone,Jose,VP Quality Control,9,,
Doctor,Chapman,Carlos,,,H2gXdg,04 0936 7653
Patient,Thompson,Ernest,Research Associate,8,,
Patient,Howard,Arthur,Paralegal,8,,
Patient,Campbell,Shawn,Pharmacist,7,,
Doctor,Daniels,Heather,,,k5faPWJZ,04 9754 2548
Patient,Baker,Philip,Computer Systems Analyst III,3,,
Patient,Garrett,Mary,Assistant Media Planner,4,,
Patient,Daniels,Anna,Occupational Therapist,3,,
Patient,Garcia,Betty,Paralegal,,,
Doctor,Hall,Annie,,,ZMGT9w2,04 6696 4760
Nurse,George,Gregory,,7,yjGsCDg,
Patient,Austin,Shirley,Research Assistant III,8,,
Patient,Owens,Jerry,GIS Technical Architect,7,,
Patient,Adams,Christina,Social Worker,8,,
Patient,Hudson,Jesse,Help Desk Technician,5,,
Patient,Lewis,Catherine,Account Executive,2,,
Patient,Gordon,Sandra,Design Engineer,9,,
Nurse,Clark,Rebecca,,7,LEzlk914,04 9821 8220
Patient,Castillo,Kathy,Mechanical Systems Engineer,,,
Patient,Walker,Jose,Automation Specialist III,9,,
Nurse,Boyd,Mark,,8,rz35re,
Patient,Sims,Tina,Nuclear Power Engineer,2,,
Patient,Flores,Beverly,Actuary,4,,
Patient,Cruz,Frances,Sales Representative,6,,
Patient,Stevens,Dennis,Librarian,2,,
Patient,Gilbert,Russell,Quality Control Specialist,7,,
Patient,Austin,Martha,Geological Engineer,,,
Nurse,Pierce,Amanda,,1,82Op6GeYl0ja,
Patient,Sanchez,Jane,VP Marketing,1,,
Patient,Patterson,Jimmy,Sales Representative,9,,
Patient,Burns,Evelyn,VP Quality Control,5,,
Nurse,Fuller,Antonio,,9,RMTRgUb,
Patient,Gutierrez,Timothy,Programmer IV,1,,
Patient,Nichols,Donna,Graphic Designer,5,,
Patient,Chapman,David,Accountant II,6,,
Patient,Gutierrez,Marie,Analog Circuit Design manager,1,,
Patient,Carr,Laura,Marketing Manager,10,,
Patient,Gonzales,Helen,Structural Analysis Engineer,9,,
Patient,Rodriguez,Kathryn,Operator,4,,
Patient,Mccoy,Ralph,Safety Technician IV,4,,
Doctor,Diaz,Jeffrey,,,50MBMYkzoIKg,04 4485 7526
Patient,Day,Kathryn,Office Assistant I,9,,
Patient,Russell,Jason,Graphic Designer,3,,
Patient,Wheeler,Jean,Director of Sales,5,,
Patient,Gray,Christopher,Senior Editor,9,,
Patient,Brown,Earl,Electrical Engineer,9,,
Patient,Cooper,Sarah,Geologist IV,1,,
Nurse,Johnson,Steven,,10,ftoYflVdG,04  215 9239
Doctor,Kennedy,Samuel,,,eInODSDn,04 6833 8256
Doctor,Perez,Mildred,,,NGZOMU,04 5317 6029
Patient,Grant,Richard,Geological Engineer,8,,
Patient,Sims,Jean,Graphic Designer,5,,
Patient,Rose,Ryan,Director of Sales,8,,
Patient,Henry,Shawn,Account Executive,4,,
Patient,Martinez,Betty,Civil Engineer,10,,
Patient,Price,Albert,Recruiter,9,,
Doctor,Oliver,Deborah,,,BUSwxiCsBvQ,04 8365 6822
Doctor,Powell,Harry,,,76Rygg,04 0627 8837
Patient,Hanson,Brenda,Software Engineer I,10,,
Nurse,White,Alan,,8,sOCdfhUqHx,
Patient,Hanson,Ronald,Operator,9,,
Nurse,Rodriguez,Amy,,8,I4EgveZVm6ZD,
Patient,Bailey,Dorothy,Human Resources Manager,6,,
Patient,Nichols,Dennis,Chemical Engineer,9,,
Patient,Morris,Jason,Account Coordinator,2,,
Patient,Shaw,Phyllis,Financial Advisor,6,,
Patient,Fox,Michelle,Software Consultant,5,,
Patient,Russell,Alan,VP Sales,6,,
Patient,Fuller,Jennifer,Editor,3,,
Patient,Austin,Brandon,Health Coach III,3,,
Nurse,Hudson,Louis,,10,A9unMDCxbHG,
Patient,Hunter,Irene,Compensation Analyst,7,,
Patient,Jenkins,Lillian,Automation Specialist III,10,,
Doctor,Long,Bonnie,,,kRvnw6Ht,04 4266 3557
Nurse,Chavez,Kelly,,2,kOxAdU4j2vd,
Patient,Wilson,Jose,VP Quality Control,7,,
Patient,Williams,Jack,Nuclear Power Engineer,,,
Patient,Riley,Harry,Assistant Professor,5,,
Patient,Bryant,Anna,Recruiter,2,,
Patient,Gutierrez,Harry,Tax Accountant,2,,
Patient,Cook,Steve,Financial Advisor,9,,
Patient,Hunt,Joyce,Community Outreach Specialist,9,,
Patient,Elliott,Virginia,Project Manager,1,,
Patient,Cunningham,Scott,VP Quality Control,1,,
Patient,Banks,Scott,Nuclear Power Engineer,7,,
Patient,Ortiz,Roy,Food Chemist,6,,
Nurse,Wallace,Phyllis,,7,5hTqTVamCV,04 9009 6263
Patient,Ferguson,Ruby,Recruiting Manager,8,,
Patient,Moreno,Christine,Cost Accountant,7,,
Patient,Martinez,Ann,Nurse Practicioner,5,,
Patient,Wilson,Bruce,Database Administrator IV,2,,
Patient,Welch,Pamela,Physical Therapy Assistant,9,,
Patient,Johnston,Kevin,Junior Executive,10,,
Nurse,Robinson,Norma,,6,n9YBmeoHTc,
Patient,Morrison,Ashley,Community Outreach Specialist,6,,
Patient,Fowler,Larry,VP Product Management,3,,
Doctor,Welch,Harold,,,UDT9Xkjwqz,04 1097 2661
Patient,Sims,Ernest,General Manager,5,,
Nurse,Mills,Bobby,,10,QrXtKlzsiyI1,
Nurse,Stevens,Cheryl,,10,tZ3Iwc,04 3495 6766
Patient,Johnson,Steven,Marketing Manager,,,
Nurse,Wheeler,Carolyn,,8,qB2asavqo,
Patient,Reed,David,Health Coach III,1,,
Patient,Clark,Edward,Programmer Analyst I,6,,
Patient,Wood,Irene,Senior Quality Engineer,2,,
Nurse,Fisher,Ralph,,8,UV3y1nB,
Doctor,Medina,Katherine,,,YD2xSRseTlSe,04 0922 1159
Nurse,Phillips,Stephen,,4,jqK5v1n,
Patient,Collins,Charles,Staff Accountant II,10,,
Patient,Willis,Teresa,Clinical Specialist,1,,
Patient,Lee,Christina,Structural Analysis Engineer,9,,
Patient,Perry,Henry,Senior Quality Engineer,6,,
Patient,Allen,Alice,Help Desk Operator,7,,
Patient,Foster,Diane,Structural Analysis Engineer,4,,
Patient,Fox,Lillian,Senior Editor,8,,
Nurse,Hawkins,Howard,,7,FDWAhGv,
Patient,Gordon,Heather,Physical Therapy Assistant,9,,
Patient,Reynolds,Robin,Sales Representative,1,,
Patient,Brown,Dennis,Programmer Analyst II,7,,
Patient,Robinson,Patricia,Senior Developer,1,,
Patient,Howell,Randy,Nuclear Power Engineer,,,
Nurse,Henderson,Melissa,,8,rCgcEwXxI,
Patient,Chapman,Jesse,Environmental Specialist,,,
Patient,Torres,Adam,Accounting Assistant III,,,
Patient,Simmons,Cynthia,Speech Pathologist,2,,
Doctor,Smith,Dennis,,,qftnj8k,04 3944 4386
Nurse,Johnson,Jesse,,1,varBrRwnTn,
Patient,Moreno,Brenda,Human Resources Manager,8,,
Nurse,Hawkins,George,,2,KNrrF8b,
Patient,Knight,Amanda,Staff Accountant II,7,,
Patient,Allen,Teresa,Recruiter,6,,
Patient,Anderson,Wanda,Analyst Programmer,2,,
Patient,Morrison,Harold,Structural Analysis Engineer,3,,
Nurse,Garcia,Carol,,9,TWa4rPeweXDO,04 7882 3860
Patient,Mccoy,Norma,Librarian,1,,
Patient,Williams,Joan,Administrative Assistant IV,9,,
Patient,Vasquez,Nicholas,Financial Analyst,10,,
Patient,Stanley,John,Junior Executive,9,,
Patient,Ferguson,Deborah,Research Assistant IV,8,,
Patient,Green,Ernest,Senior Cost Accountant,5,,
Patient,Ray,Wanda,Sales Associate,10,,
Patient,Reed,Bobby,Sales Associate,4,,
Nurse,Pierce,Amy,,3,LbICE6G,
Patient,Bryant,Bobby,Nurse,,,
Patient,Martinez,Henry,Assistant Manager,8,,
Patient,Reyes,Kimberly,Staff Scientist,,,
Nurse,Martinez,Melissa,,3,ddIa1Sn,04 5458 8672
Patient,Richards,Wayne,Accounting Assistant II,1,,
Patient,Foster,Joan,VP Accounting,3,,
Patient,Johnston,Adam,Community Outreach Specialist,2,,
Patient,Long,Chris,Operator,2,,
Patient,Watson,Shawn,Nurse Practicioner,8,,
Patient,Fowler,Judith,Human Resources Manager,2,,
Nurse,Morrison,Russell,,8,ukdARzXcy5,04 3585 5064
Patient,Howell,James,Engineer III,,,
Patient,Dunn,Lois,Research Nurse,6,,
Patient,Riley,Martha,Senior Editor,5,,
Patient,Torres,Norma,Design Engineer,10,,
Patient,Hill,Elizabeth,Actuary,,,
Patient,Allen,Judith,GIS Technical Architect,2,,
Patient,Wallace,Justin,Staff Scientist,8,,
Patient,Henderson,Richard,Accounting Assistant II,7,,
Patient,Rivera,Andrew,Registered Nurse,10,,
Patient,Clark,Katherine,Internal Auditor,,,
Patient,Marshall,Jane,Analyst Programmer,9,,
Patient,Adams,Cheryl,Senior Sales Associate,10,,
Nurse,King,Lillian,,4,1DbIgrqzS4PX,
Patient,Jacobs,Donald,Programmer II,2,,
Patient,Owens,Jeremy,Junior Executive,7,,
Patient,Carr,Matthew,Assistant Professor,4,,
Patient,Cruz,Earl,Paralegal,5,,
Nurse,Grant,Diane,,9,BjLBIfDO,
Nurse,Walker,Lawrence,,3,M2ZR0ZBn,
Patient,James,Douglas,Recruiter,6,,
Patient,Torres,Joshua,Business Systems Development Analyst,8,,
Patient,Diaz,Judy,Software Consultant,6,,
Nurse,Brooks,Lori,,3,kUrdfviL,
Doctor,Jenkins,Doris,,,a7IxkKrXfy,04 7829 3923
Patient,Washington,Katherine,Physical Therapy Assistant,6,,
Patient,Gonzalez,Doris,Dental Hygienist,2,,
Patient,Wheeler,Cheryl,Chief Design Engineer,4,,
Doctor,James,Sean,,,1XHZYa,04 9652 2642
Patient,Fernandez,Louis,Marketing Assistant,,,
Patient,Woods,Albert,Physical Therapy Assistant,5,,
Doctor,Stephens,Sarah,,,tY4Z8fZL85Zn,04 0853 2511
Nurse,Chavez,Tammy,,9,AKkcegT3,
Patient,Burke,Randy,Professor,10,,
Patient,Gibson,Roger,Social Worker,2,,
Nurse,Ramirez,Donald,,2,CvQIFd,
Nurse,Long,Martin,,6,rF37Tc,
Patient,Webb,Catherine,Assistant Media Planner,1,,
Patient,Payne,Ashley,Health Coach III,7,,
Patient,Ryan,Jose,Occupational Therapist,6,,
Patient,Stone,Peter,Electrical Engineer,4,,
Patient,Perez,Chris,Director of Sales,3,,
Nurse,Spencer,Raymond,,6,uGH4MXR,
Patient,Hansen,Jennifer,Automation Specialist I,9,,
Nurse,James,Lisa,,3,iU3zscAIVX,
Patient,White,Thomas,Director of Sales,,,
Patient,Wallace,Helen,Systems Administrator IV,8,,
Patient,Greene,Brandon,Web Developer III,8,,
Patient,Ross,Jimmy,Nurse Practicioner,6,,
Doctor,Freeman,Wanda,,,LH1peV2,04 1742 6129
Doctor,Howard,Martha,,,rIB0KW,04 0235 3682
Patient,Stanley,Willie,Nuclear Power Engineer,9,,
Patient,Russell,Tammy,Design Engineer,3,,
Patient,Castillo,Heather,Engineer III,1,,
Patient,Meyer,Barbara,Automation Specialist IV,,,
Patient,Murray,Howard,VP Accounting,10,,
Patient,Lewis,Sara,Civil Engineer,2,,
Patient,Cruz,Jose,VP Accounting,9,,
Patient,Knight,Kevin,Account Executive,1,,
Patient,Kelly,Nancy,Senior Financial Analyst,,,
Patient,Wright,Carol,VP Product Management,3,,
Patient,George,Julia,Account Coordinator,6,,
Patient,Peters,Joseph,Sales Representative,10,,
Patient,Thomas,Michelle,Media Manager III,10,,
Nurse,Johnston,Helen,,2,YOfiPiZLF,
Patient,Robinson,Douglas,Senior Developer,8,,
Patient,Wood,Scott,Sales Associate,2,,
Doctor,Garrett,Wanda,,,Chfm0jxPP,04 6262 4138
Patient,Fuller,Lisa,Assistant Professor,6,,
Patient,Simpson,Beverly,Accountant III,1,,
Patient,Nguyen,Christopher,Administrative Assistant III,2,,
Patient,Sims,Peter,VP Sales,8,,
Patient,Thompson,Robert,Physical Therapy Assistant,10,,
Doctor,Reid,Bruce,,,HRqQD2dnqawj,04 2898 6638
Patient,Watkins,Antonio,Legal Assistant,1,,
Patient,Arnold,Sandra,Data Coordiator,5,,
Patient,Harrison,Victor,Health Coach I,10,,
Patient,Day,Timothy,Sales Associate,10,,
Patient,Ward,Carl,Structural Analysis Engineer,3,,
Patient,Day,John,Safety Technician I,9,,
Patient,Ortiz,Debra,Health Coach III,9,,
Nurse,Marshall,Brenda,,3,4OuMG9puM,04 8477 7633
Patient,Smith,Phyllis,Internal Auditor,4,,
Patient,Armstrong,Catherine,Research Assistant IV,3,,
Nurse,Harris,Gerald,,2,pHGpdP,
Patient,Barnes,Jimmy,VP Quality Control,2,,
Patient,Gonzalez,Nancy,Dental Hygienist,4,,
Patient,Peters,Paula,Marketing Assistant,9,,
Patient,Ramirez,Karen,Business Systems Development Analyst,1,,
Nurse,Hughes,Marie,,7,DYd0PO3S,04  350 2316
Patient,Cunningham,Norma,Environmental Specialist,2,,
Nurse,Hawkins,Martha,,4,PQxtoN,
Patient,Franklin,Brian,Project Manager,6,,
Patient,Jenkins,Gloria,Accountant III,7,,
Patient,Bradley,Nicholas,Safety Technician II,5,,
Patient,Perez,Timothy,Director of Sales,6,,
Patient,Howell,Carlos,Administrative Officer,10,,
Patient,Mason,Nicholas,GIS Technical Architect,1,,
Patient,Larson,Ashley,Sales Associate,4,,
Patient,Lawrence,Linda,Software Test Engineer I,9,,
Patient,Welch,Nicole,Office Assistant I,2,,
Patient,Evans,Matthew,Analog Circuit Design manager,5,,
Patient,Bell,Christopher,Account Executive,1,,
Nurse,Black,Maria,,4,0NLNRbfI6H4,04  340 3029
Nurse,James,James,,7,e6KKvBppi,
Patient,Duncan,Gary,Accounting Assistant IV,,,
Patient,Perry,Susan,Account Representative III,3,,
Nurse,Kelley,Robert,,4,4L0k4h4jG,
Nurse,Scott,Jean,,7,x3864EJenVP,
Patient,Stone,Lisa,Nuclear Power Engineer,1,,
Patient,Bailey,Steven,Geological Engineer,1,,
Nurse,Peters,Dennis,,5,NghbrQ3,04 9647 4772
Doctor,Bishop,Mary,,,3eYV8L,04 9018 5755
Patient,Williamson,Johnny,Engineer I,4,,
Patient,Baker,Alice,Food Chemist,8,,
Patient,Snyder,Pamela,Health Coach II,2,,
Patient,Cooper,Jose,Operator,6,,
Patient,Patterson,Heather,Electrical Engineer,3,,
Patient,Weaver,Wanda,Compensation Analyst,7,,
Patient,Evans,Jack,Nurse Practicioner,1,,
Patient,Williams,Kenneth,Design Engineer,4,,
Patient,Mcdonald,Patricia,Office Assistant III,6,,
Patient,Ruiz,Howard,Administrative Officer,4,,
Patient,Harper,Sean,Nuclear Power Engineer,7,,
Patient,Lewis,Beverly,Account Coordinator,4,,
Patient,Dunn,Amanda,Electrical Engineer,4,,
Patient,Morgan,Aaron,Programmer Analyst I,5,,
Patient,Robinson,Amanda,Database Administrator II,4,,
Patient,Stanley,Linda,Civil Engineer,1,,
Patient,West,Carol,Information Systems Manager,,,
Doctor,Harvey,Nicole,,,BoPpmeYeG,04 7959 4489
Nurse,Stone,Larry,,8,aeGXYT3N2T,
Nurse,Shaw,Ralph,,1,OVnZ5PO,04 2605 7655
Patient,Long,Steve,Nuclear Power Engineer,10,,
Patient,Webb,Lois,Registered Nurse,2,,
Patient,Castillo,Chris,Office Assistant IV,9,,
Patient,Howell,Samuel,Web Developer III,8,,
Patient,Daniels,Brenda,Media Manager II,4,,
Patient,Payne,Harold,Mechanical Systems Engineer,3,,
Patient,Reid,Gary,Chief Design Engineer,6,,
Patient,Harrison,Rose,Structural Analysis Engineer,9,,
Patient,Morgan,Robert,Account Executive,1,,
Nurse,Knight,Teresa,,5,XwxMG1Xz,04 3926 5836
Patient,Robinson,Clarence,Engineer I,2,,
Patient,Ryan,Kevin,VP Sales,5,,
Patient,Wheeler,Larry,Design Engineer,2,,
Patient,Sims,Stephanie,VP Sales,7,,
Patient,Rose,Cheryl,Systems Administrator III,6,,
Nurse,Perez,Jonathan,,1,3mqqCo,
Patient,Mills,Joseph,General Manager,,,
Patient,Fowler,Raymond,Account Coordinator,7,,
Patient,Moreno,Eric,Clinical Specialist,1,,
Patient,Martin,Nancy,Quality Control Specialist,8,,
Nurse,Mills,Barbara,,10,wzqI4o,
Patient,Bell,Martin,Social Worker,7,,
Nurse,Moore,Jean,,3,Yohn4P,
Patient,Frazier,Johnny,Teacher,4,,
Patient,Roberts,Frances,Financial Analyst,4,,
Nurse,Matthews,Patrick,,1,yAeeSKQpOp,
Patient,Mendoza,Earl,Operator,4,,
Patient,Castillo,Linda,Product Engineer,3,,
Patient,Sims,Joshua,Nuclear Power Engineer,9,,
Patient,Burke,Laura,Tax Accountant,,,
Patient,Campbell,Sara,Clinical Specialist,5,,
Patient,Daniels,Kathy,Nurse,10,,
Patient,Grant,Beverly,Geologist II,7,,
Patient,Hill,Mildred,VP Sales,,,
Nurse,Campbell,Nicole,,1,BBQV93qEk,
Nurse,Robertson,Shawn,,3,gGObrwGvZJf,
Patient,Torres,Michael,Paralegal,3,,
Patient,Gilbert,Kathryn,Account Executive,8,,
Doctor,Ford,Christina,,,94znDP0QO,04 7187 2066
Patient,Knight,Carolyn,Statistician I,,,
Patient,Patterson,Angela,Nurse Practicioner,10,,
Patient,Rice,Tina,Civil Engineer,10,,
Patient,Robinson,Roy,Nuclear Power Engineer,10,,
Patient,Weaver,Kathleen,Compensation Analyst,10,,
Patient,Reid,Gerald,Account Representative I,8,,
Patient,Jones,Dennis,Help Desk Operator,,,
Nurse,Elliott,Brandon,,3,au4oLH1EaxA,
Patient,Spencer,Gregory,Payment Adjustment Coordinator,3,,
Nurse,Schmidt,Carol,,4,rrucVOl,
Patient,Daniels,Charles,Cost Accountant,,,
Patient,Elliott,Eric,Accounting Assistant II,5,,
Patient,Ray,Brian,Junior Executive,7,,
Patient,Wright,Patrick,Nurse Practicioner,9,,
Patient,Turner,Ralph,Recruiter,4,,
Patient,Collins,Gregory,Web Designer IV,4,,
Patient,Oliver,Judith,Software Consultant,6,,
Patient,Harris,Scott,Professor,5,,
Doctor,Fisher,Barbara,,,eTDFjz,04 8033 9531
Patient,Shaw,Theresa,Director of Sales,8,,
Nurse,Burton,Kenneth,,10,UFPHohuU,
Patient,Rivera,Janet,Account Executive,3,,
Patient,Tucker,Henry,Analyst Programmer,,,
Patient,Webb,Joyce,Editor,,,
Patient,Knight,Gloria,Structural Engineer,1,,
Nurse,Hunt,Roy,,1,eQKczYtYuo,04 6690 8189
Patient,White,Nancy,Senior Financial Analyst,10,,
Patient,Patterson,Ashley,Research Nurse,1,,
Patient,Howard,Amy,Actuary,5,,
Patient,Henderson,Steve,Structural Analysis Engineer,,,
Patient,Wheeler,Ruth,General Manager,9,,
Nurse,Wright,Teresa,,1,xfA9bm2jnS1k,
Patient,Webb,Michelle,Cost Accountant,5,,
Nurse,Cole,William,,6,E4JUUgl,
Patient,Gonzalez,Patricia,Programmer II,9,,
Patient,Wallace,Ralph,Senior Editor,3,,
Patient,Boyd,Kevin,Research Nurse,1,,
Patient,Mendoza,Patricia,Analyst Programmer,2,,
Nurse,Gilbert,Ruth,,7,T826ujR,
Patient,Larson,Ruby,VP Quality Control,5,,
Patient,Alexander,Carl,Mechanical Systems Engineer,9,,
Patient,Nguyen,Raymond,Help Desk Operator,1,,
Patient,Jacobs,Kathy,Accounting Assistant IV,1,,
Patient,Dean,Linda,Senior Developer,,,
Nurse,Stephens,Kelly,,2,kfQVueuMh,
Patient,Russell,Judy,GIS Technical Architect,3,,
Patient,White,Eric,Programmer Analyst IV,3,,
Patient,Harrison,Willie,Recruiter,4,,
Patient,Powell,Bobby,Sales Associate,9,,
Patient,Garcia,Jacqueline,Environmental Specialist,1,,
Patient,James,Brenda,Clinical Specialist,1,,
Patient,Bell,Steve,Geological Engineer,9,,
Nurse,Gordon,Joseph,,5,al8R4Cg,
Patient,Simpson,William,Web Designer IV,8,,
Patient,Campbell,Donald,Research Assistant I,4,,
Patient,Wheeler,Sandra,Information Systems Manager,3,,
Patient,Shaw,Dorothy,Mechanical Systems Engineer,10,,
Patient,Hunt,Kathleen,Marketing Assistant,3,,
Patient,Mccoy,Bonnie,Computer Systems Analyst I,6,,
Nurse,Young,Gregory,,2,j7onypBD,
Patient,Rogers,Shawn,Office Assistant I,4,,
Nurse,Brown,Louise,,10,UUScXTopQC6k,04 8435  225
Patient,Ruiz,Arthur,Senior Cost Accountant,9,,
Patient,Mitchell,Stephanie,Design Engineer,10,,
Patient,West,Betty,Pharmacist,4,,
Patient,Stephens,Barbara,Recruiter,7,,
Patient,Carr,Tina,Help Desk Technician,3,,
Patient,Ray,Sandra,Design Engineer,9,,
Patient,Rogers,Louis,Director of Sales,1,,
Nurse,Taylor,Lois,,7,RYoA9NE0tA,04 6911 4426
Ward,,,,5,,02 4463 4425
Nurse,Knight,Christopher,,6,dP4ts8BZPDd,04 9758 6081
Patient,Taylor,Kimberly,Electrical Engineer,10,,
Patient,Hunter,James,Actuary,1,,
Patient,Fowler,Brenda,Design Engineer,10,,
Patient,Olson,Jennifer,Help Desk Technician,2,,
Patient,Sims,Terry,Teacher,,,
Patient,Gardner,Carol,Nurse,8,,
Nurse,Franklin,Jeremy,,2,t3iMa9x3t,
Patient,Webb,Gloria,Web Developer I,10,,
Patient,Simpson,Rose,Senior Sales Associate,5,,
Patient,Gilbert,Shirley,Account Representative II,10,,
Ward,,,,8,,02 1929 1466
Patient,Lee,Terry,Clinical Specialist,5,,
Patient,Johnston,Angela,Accountant I,9,,
Patient,Kelly,Gary,Electrical Engineer,3,,
Nurse,Henderson,Russell,,4,UfbV0iJk,
Patient,Hall,Dennis,Statistician II,3,,
Patient,Peters,Jimmy,Administrative Assistant I,5,,
Patient,Robinson,Joseph,Administrative Officer,3,,
Patient,Flores,Anna,Business Systems Development Analyst,1,,
Patient,Ward,George,Social Worker,1,,
Patient,Hanson,Rose,Quality Engineer,5,,
Patient,Perez,Dorothy,Geological Engineer,1,,
Patient,Bishop,Pamela,Speech Pathologist,,,
Patient,Bryant,Cheryl,Database Administrator II,2,,
Patient,Mills,Helen,Analyst Programmer,6,,
Patient,Campbell,Randy,Civil Engineer,7,,
Patient,Hayes,Kimberly,Budget/Accounting Analyst IV,7,,
Patient,Bryant,Nancy,Automation Specialist II,2,,
Patient,Bishop,Frances,General Manager,7,,
Patient,Hamilton,Lori,Nurse,4,,
Patient,Gibson,Rachel,Environmental Tech,,,
Ward,,,,4,,02 9911 8324
Patient,Alvarez,Carl,Account Coordinator,2,,
Patient,Wilson,Diana,Data Coordiator,2,,
Patient,Matthews,Debra,Operator,1,,
Patient,Gonzales,Chris,Cost Accountant,10,,
Doctor,King,Mary,,,DkVT90,04 4695 1321
Patient,Hill,Johnny,Civil Engineer,10,,
Patient,Payne,Arthur,Analyst Programmer,4,,
Patient,Welch,Donna,Statistician III,,,
Patient,Clark,Jessica,Actuary,10,,
Patient,Dixon,Kathryn,Engineer III,6,,
Patient,Gordon,Phillip,Marketing Assistant,2,,
Nurse,Morris,Evelyn,,7,t9r6RVFm,04 6804 7500
Patient,Baker,Lisa,Media Manager III,9,,
Doctor,Peterson,Sandra,,,koTtfgQ02z9C,04 4882 8452
Patient,Mendoza,Helen,Senior Cost Accountant,8,,
Patient,Crawford,Andrea,Geological Engineer,2,,
Nurse,Montgomery,Craig,,3,HXASNAH0f,
Patient,Rice,Bruce,Safety Technician IV,8,,
Patient,Vasquez,George,Compensation Analyst,8,,
Patient,Hall,Pamela,Human Resources Manager,6,,
Patient,Ferguson,Scott,Mechanical Systems Engineer,2,,
Patient,Cruz,Heather,Technical Writer,4,,
Patient,Carpenter,Sean,Nuclear Power Engineer,4,,
Patient,Wallace,Ruth,Senior Cost Accountant,,,
Patient,Stevens,Clarence,Account Coordinator,5,,
Patient,Ford,Joan,Developer II,7,,
Ward,,,,2,,02 8390 2245
Patient,Thompson,Philip,VP Sales,6,,
Patient,Carter,Larry,Account Executive,3,,
Patient,Schmidt,Sean,Help Desk Operator,4,,
Patient,Flores,Brenda,Community Outreach Specialist,,,
Ward,,,,6,,02  406  168
Patient,Warren,Kathryn,Tax Accountant,7,,
Patient,West,Frank,Administrative Assistant III,6,,
Patient,Owens,Sara,Software Test Engineer II,9,,
Patient,Kelley,Roy,Operator,7,,
Patient,Arnold,Lillian,VP Product Management,5,,
Doctor,Carroll,Phyllis,,,1rKnXTy2Fbfe,04 2868 9827
Nurse,Mason,Patricia,,4,8sDxWXd8d0ZC,
Doctor,Medina,Thomas,,,uwo7PdZC,04 0046 4488
Patient,Lopez,Anne,Financial Advisor,9,,
Ward,,,,3,,02 6717 9506
Patient,Lopez,Jean,Social Worker,,,
Patient,Mills,Eugene,Internal Auditor,10,,
Doctor,Sullivan,Alan,,,rB24mcuLueB5,04 4628 7936
Doctor,Perkins,Benjamin,,,3HJZS9gwpMo,04 2775 6699
Patient,Cox,Roy,General Manager,2,,
Patient,Daniels,John,Design Engineer,2,,
Patient,Mitchell,Anna,Senior Sales Associate,5,,
Patient,Robinson,Katherine,Product Engineer,8,,
Nurse,Moore,Diane,,10,eng3YRX,
Patient,Morris,Walter,Accounting Assistant IV,,,
Patient,Smith,Arthur,Assistant Media Planner,,,
Patient,Carter,Charles,Statistician IV,7,,
Patient,Hawkins,Joan,VP Product Management,5,,
Patient,King,Martha,VP Product Management,1,,
Ward,,,,9,,02 4233 6298
Nurse,Lopez,Ruth,,7,OdLPrzb9a,04 7729 9893
Nurse,Ruiz,Terry,,10,JHBEyN,
Patient,Torres,Alan,Software Engineer II,2,,
Patient,Mendoza,Steve,Health Coach I,8,,
Doctor,Allen,Beverly,,,AWITVRsX3,04 8867 0114
Ward,,,,1,,02 2870 5088
Patient,Baker,Steve,Professor,1,,
Nurse,Welch,Russell,,4,kslRPJV0VY,
Doctor,Moore,Emily,,,ludHOJ,04 6515 7284
Patient,Wallace,Bonnie,Mechanical Systems Engineer,5,,
Patient,Perez,Phillip,Staff Accountant I,4,,
Patient,Banks,Catherine,Senior Cost Accountant,5,,
Patient,Thompson,Bonnie,Recruiter,10,,
Patient,Jones,Carl,Data Coordiator,5,,
Nurse,Wilson,Johnny,,9,VFags5n90Pi,
Patient,Morrison,Kelly,Marketing Assistant,2,,
Patient,Bradley,Laura,Geological Engineer,1,,
Patient,Garcia,Eugene,Environmental Specialist,7,,
Patient,Rogers,Dennis,VP Accounting,8,,
Patient,Barnes,Russell,Design Engineer,4,,
Patient,Payne,Joyce,Compensation Analyst,2,,
Doctor,Moreno,Frank,,,DDdwxKzBd,04 8955 3948
Patient,Scott,Debra,Social Worker,3,,
Patient,Palmer,Ryan,Design Engineer,2,,
Patient,Torres,Jesse,Chief Design Engineer,8,,
Patient,Thompson,Donald,Executive Secretary,2,,
Patient,Morgan,Elizabeth,Geological Engineer,9,,
Patient,Wagner,Katherine,Community Outreach Specialist,5,,
Patient,Lawrence,Helen,Dental Hygienist,5,,
Patient,Lynch,Bruce,Cost Accountant,9,,
Patient,Mccoy,Carlos,Product Engineer,5,,
Doctor,Hicks,Wayne,,,dhAYVjzBcWr,04 3533 7172
Nurse,Carter,Roger,,10,zkvSLm,
Doctor,Miller,Terry,,,233XRlgkGJU,04 7340 8907
Patient,Garrett,Johnny,Clinical Specialist,6,,
Patient,Palmer,Ronald,Environmental Specialist,6,,
Patient,Bryant,Jeremy,Nurse Practicioner,5,,
Nurse,Schmidt,Marilyn,,5,hARRr1Y,04 7658 3861
Nurse,Hudson,Mary,,8,MpZOcH2iO6,
Patient,Turner,Fred,Project Manager,9,,
Patient,Romero,Ronald,Junior Executive,4,,
Patient,Carroll,Cheryl,Chemical Engineer,2,,
Patient,Ross,Arthur,Analyst Programmer,1,,
Nurse,Duncan,Melissa,,2,64OXm5JZ5cf,
Patient,Howell,Mildred,Chief Design Engineer,9,,
Doctor,Hamilton,Russell,,,ZQmbQGBsr,04 0163 7347
Doctor,Reid,Cheryl,,,z0z9Dv7,04 8063 8521
Patient,Watson,Mark,Programmer Analyst I,4,,
Patient,Reynolds,Sandra,Developer I,10,,
Patient,Hunt,Steven,Compensation Analyst,8,,
Patient,Butler,Andrea,Nuclear Power Engineer,7,,
Patient,Smith,Philip,Senior Quality Engineer,2,,
Nurse,Carter,Sandra,,2,FmwgG1QiQv,
Nurse,Bishop,Peter,,3,gkvBnyVlKI,
Patient,Stewart,Sandra,Assistant Media Planner,3,,
Patient,Perkins,Joan,Executive Secretary,4,,
Patient,Hawkins,Carlos,Design Engineer,,,
Patient,Tucker,Kenneth,Help Desk Technician,7,,
Patient,Fisher,Gregory,Librarian,3,,
Patient,Reed,Nicole,Geological Engineer,7,,
Patient,Reynolds,Angela,Quality Control Specialist,10,,
Patient,Cruz,Deborah,Sales Representative,2,,
Patient,Gordon,Judy,Safety Technician II,7,,
Patient,Wright,Eugene,VP Product Management,,,
Nurse,Gomez,Jack,,10,ibQ8FzF8cW,04 1080 6249
Nurse,Roberts,Nancy,,10,thvc8TFdmj,
Patient,Mitchell,Kevin,Social Worker,2,,
Nurse,Austin,Joe,,8,pVbLOGlbIo,
Patient,Meyer,Terry,Food Chemist,10,,
Doctor,Brown,Melissa,,,N82lhTERSot,04 1125 4832
Patient,Gibson,Joseph,Software Consultant,1,,
Patient,Martinez,Kimberly,Automation Specialist II,7,,
Patient,Sanders,Barbara,Quality Control Specialist,1,,
Patient,Clark,Alan,Technical Writer,10,,
Patient,Ramos,Pamela,Computer Systems Analyst IV,,,
Patient,King,Ruth,Assistant Professor,5,,
Nurse,Willis,Jennifer,,8,YTEDLebew36,04 1730 7716
Nurse,Burns,Michelle,,8,H1g7pn,
Ward,,,,7,,02 9981 2098
Patient,Adams,George,Help Desk Technician,9,,
Patient,Hicks,Cynthia,Chief Design Engineer,7,,
Patient,King,Jeffrey,Marketing Manager,9,,
Patient,Wheeler,Nancy,Civil Engineer,4,,
Patient,Fields,Douglas,Quality Control Specialist,8,,
Patient,Henry,Ruby,Software Engineer IV,3,,
Nurse,Gonzales,Tina,,2,3WBw7q31DIl,
Patient,Dunn,Juan,GIS Technical Architect,3,,
Nurse,Knight,Harold,,7,6miByTvoKhtA,04  677 3076
Nurse,Hawkins,Shawn,,9,ROa8qliIDx2l,
Patient,Stewart,Eric,Registered Nurse,,,
Patient,Sanchez,Norma,Senior Developer,5,,
Nurse,Kelley,Robin,,1,180Twcu,
Patient,Gutierrez,Howard,Food Chemist,6,,
Patient,Miller,Andrea,Assistant Professor,2,,
Patient,Martin,Ralph,Web Developer IV,8,,
Patient,Jones,Mark,Recruiter,5,,
Patient,Reyes,Lillian,Senior Developer,6,,
Patient,Peters,Tina,Senior Quality Engineer,9,,
Nurse,Cunningham,Randy,,9,3E8glZzeeVEI,
Patient,Lawson,Anna,Design Engineer,8,,
Patient,Russell,Gloria,Technical Writer,,,
Nurse,Gonzales,Steven,,10,S4ayZ2cI5,04 7511 9361
Patient,Stevens,Timothy,VP Product Management,4,,
Doctor,Andrews,Paul,,,ePhhjCnGlb,04 8325 2084
Patient,Oliver,Ashley,Associate Professor,6,,
Patient,Campbell,Joe,Engineer II,8,,
Patient,Garrett,Louis,Chief Design Engineer,,,
Patient,Carroll,Martha,Environmental Specialist,10,,
Patient,Webb,Mildred,GIS Technical Architect,6,,
Patient,Wright,Emily,Librarian,1,,
Patient,Rivera,Sara,Paralegal,7,,
Doctor,Bailey,Tammy,,,JH5b7nu,04 7751 6590
Patient,Hughes,Peter,Junior Executive,6,,
Patient,Riley,Jeremy,Help Desk Technician,2,,
Patient,Jenkins,George,Assistant Media Planner,4,,
Patient,Rogers,Shirley,Research Assistant IV,2,,
Patient,Edwards,Beverly,Associate Professor,4,,
Patient,Sanders,Catherine,Recruiting Manager,9,,
Nurse,Long,Emily,,6,8ew5TChN,
Patient,Rice,Gary,VP Quality Control,,,
Patient,Fowler,Rebecca,VP Accounting,9,,
Patient,Nelson,Nicole,Librarian,1,,
Patient,Campbell,Craig,Senior Cost Accountant,9,,
Patient,Morrison,Doris,Speech Pathologist,9,,
Patient,Porter,Sharon,Assistant Professor,2,,
Patient,Richards,Jerry,Nurse Practicioner,4,,
Patient,Burns,Jean,Nurse,10,,
Nurse,Welch,Nicole,,6,Rvywp6o3,
Patient,Payne,Mark,Developer I,9,,
Patient,Harris,Louise,Clinical Specialist,,,
Patient,Adams,Helen,Environmental Specialist,9,,
Patient,Washington,Nicholas,Marketing Manager,3,,
Patient,Grant,Joshua,Chemical Engineer,9,,
Patient,Foster,Daniel,Product Engineer,,,
Patient,Taylor,Donald,Statistician III,6,,
Patient,Scott,Johnny,Senior Developer,,,
Patient,Marshall,Edward,Staff Scientist,3,,
Patient,Garza,Maria,Analyst Programmer,5,,
Patient,Nelson,Kenneth,Assistant Professor,6,,
Patient,Fields,Jesse,Graphic Designer,4,,
Patient,Elliott,Gregory,Operator,5,,
